	date	revenue	discount_rate	coupon_rate
1	01/01/18	6270839	34.27%	1.09%
2	02/01/18	8922076	30.87%	1.08%
3	03/01/18	8446101	28.11%	1.01%
4	04/01/18	7785798	27.32%	0.96%
5	05/01/18	6375303	25.70%	0.90%
6	06/01/18	6095418	25.02%	0.87%
7	07/01/18	7661844	25.33%	1.06%
8	08/01/18	7036112	24.83%	1.03%
9	09/01/18	7100900	25.11%	1.00%
10	10/01/18	7148865	25.16%	0.91%
11	11/01/18	7013113	26.55%	0.90%
12	12/01/18	6094297	25.81%	0.94%
13	13/01/18	5647838	23.46%	0.93%
14	14/01/18	7377005	23.76%	1.11%
15	15/01/18	6736977	24.39%	0.99%
16	16/01/18	7194062	26.07%	0.98%
17	17/01/18	7124206	24.64%	0.93%
18	18/01/18	6670106	24.99%	0.93%
19	19/01/18	5805801	25.60%	0.98%
20	20/01/18	5792547	24.79%	0.95%
21	21/01/18	7430284	23.32%	1.07%
22	22/01/18	6538657	23.36%	1.02%
23	23/01/18	6973820	27.27%	1.05%
24	24/01/18	6555452	25.33%	0.93%
25	25/01/18	6199426	25.37%	0.92%
26	26/01/18	7464262	29.88%	7.90%
27	27/01/18	6570872	26.94%	6.65%
28	28/01/18	9382441	26.40%	7.30%
29	29/01/18	5902767	20.10%	0.95%
30	30/01/18	6047600	20.12%	0.89%
31	31/01/18	6460824	20.34%	0.91%
32	01/02/18	6108498	20.17%	0.83%
33	02/02/18	5203061	19.23%	0.85%
34	03/02/18	5445384	18.19%	0.85%
35	04/02/18	6537030	14.86%	1.01%
36	05/02/18	6024455	19.39%	0.98%
37	06/02/18	6430525	19.23%	0.91%
38	07/02/18	5934381	18.51%	0.86%
39	08/02/18	5890259	22.04%	0.90%
40	09/02/18	5648454	24.59%	0.93%
41	10/02/18	5153653	21.47%	0.92%
42	11/02/18	6477649	18.89%	1.08%
43	12/02/18	5914438	19.79%	1.11%
44	13/02/18	5975411	23.59%	0.97%
45	14/02/18	5918666	20.16%	0.93%
46	15/02/18	6468033	23.48%	0.87%
47	16/02/18	5431671	23.00%	0.86%
48	17/02/18	5788163	21.08%	0.89%
49	18/02/18	6766567	17.84%	1.01%
50	19/02/18	6225450	19.65%	1.01%
51	20/02/18	6278211	18.91%	0.92%
52	21/02/18	6497016	22.81%	0.95%
53	22/02/18	6260193	21.31%	0.91%
54	23/02/18	5233502	20.64%	0.90%
55	24/02/18	5751533	24.10%	1.02%
56	25/02/18	7286600	18.36%	1.35%
57	26/02/18	6221031	15.40%	1.03%
58	27/02/18	6777082	18.72%	1.00%
59	28/02/18	6875978	17.32%	1.18%
60	01/03/18	6941968	18.01%	1.36%
61	02/03/18	6042518	17.33%	1.44%
62	03/03/18	6368153	15.67%	1.48%
63	04/03/18	8294406	14.38%	1.67%
64	05/03/18	7119386	14.25%	1.56%
65	06/03/18	7426038	15.54%	1.41%
66	07/03/18	8068561	16.55%	1.28%
67	08/03/18	6930138	15.15%	1.22%
68	09/03/18	7086706	12.43%	4.89%
69	10/03/18	7827741	11.79%	5.48%
70	11/03/18	11719496	8.89%	7.06%
71	12/03/18	7291120	10.41%	1.38%
72	13/03/18	7390332	13.57%	1.18%
73	14/03/18	7750793	13.64%	1.19%
74	15/03/18	7071170	14.00%	1.09%
75	16/03/18	6524949	14.28%	1.06%
76	17/03/18	6954426	13.95%	0.88%
77	18/03/18	8688810	11.03%	1.11%
78	19/03/18	7237749	12.26%	1.03%
79	20/03/18	6869713	11.53%	0.97%
80	21/03/18	7146951	12.30%	0.98%
81	22/03/18	7262396	14.31%	0.95%
82	23/03/18	6723698	16.34%	0.90%
83	24/03/18	6832878	15.61%	0.89%
84	25/03/18	9126037	13.48%	1.16%
85	26/03/18	8267878	12.86%	1.15%
86	27/03/18	7604677	13.32%	1.03%
87	28/03/18	6923463	13.54%	0.94%
88	29/03/18	6030032	13.69%	0.89%
89	30/03/18	6012156	12.97%	0.98%
90	31/03/18	5674855	12.11%	1.12%
91	01/04/18	5917714	11.39%	1.06%
92	02/04/18	7403582	10.32%	0.90%
93	03/04/18	7886915	11.33%	0.70%
94	04/04/18	7717320	9.33%	0.63%
95	05/04/18	7682788	11.11%	0.66%
96	06/04/18	6567255	11.04%	0.66%
97	07/04/18	6201919	11.11%	0.63%
98	08/04/18	10544111	12.47%	0.92%
99	09/04/18	9937207	12.15%	0.98%
100	10/04/18	9492506	12.24%	0.90%
101	11/04/18	9672925	13.55%	0.79%
102	12/04/18	8795241	13.09%	0.81%
103	13/04/18	7480508	13.18%	0.79%
104	14/04/18	7287952	13.59%	0.78%
105	15/04/18	10944709	13.43%	1.06%
106	16/04/18	9885508	13.64%	1.03%
107	17/04/18	9208247	12.44%	0.91%
108	18/04/18	9587954	15.56%	0.82%
109	19/04/18	9063184	13.44%	0.86%
110	20/04/18	7441788	12.93%	0.97%
111	21/04/18	7163238	11.94%	1.02%
112	22/04/18	10860304	11.33%	1.33%
113	23/04/18	10253246	13.00%	1.13%
114	24/04/18	9130832	12.08%	1.07%
115	25/04/18	8136607	9.72%	0.95%
116	26/04/18	7372851	10.56%	0.90%
117	27/04/18	6614114	21.57%	1.21%
118	28/04/18	6023684	15.75%	1.01%
119	29/04/18	7693851	9.28%	1.22%
120	30/04/18	7240527	11.07%	1.15%
121	01/05/18	8794546	10.88%	0.82%
122	02/05/18	7629467	9.81%	0.73%
123	03/05/18	7651845	10.25%	0.76%
124	04/05/18	6521916	10.88%	0.74%
125	05/05/18	6113709	9.53%	0.69%
126	06/05/18	8523340	9.28%	0.97%
127	07/05/18	8238335	11.09%	0.95%
128	08/05/18	8058452	12.05%	0.91%
129	09/05/18	7064272	13.81%	0.75%
130	10/05/18	7985805	12.62%	0.72%
131	11/05/18	6227741	10.94%	0.72%
132	12/05/18	5539695	11.11%	0.67%
133	13/05/18	7932697	11.29%	0.92%
134	14/05/18	7632371	9.80%	0.89%
135	15/05/18	8269616	12.88%	0.85%
136	16/05/18	8445220	14.77%	0.75%
137	17/05/18	7513102	14.95%	0.76%
138	18/05/18	5711627	13.89%	0.71%
139	19/05/18	5282308	13.74%	0.67%
140	20/05/18	6136823	13.91%	0.77%
141	21/05/18	7478776	12.18%	0.83%
142	22/05/18	7419569	11.46%	0.79%
143	23/05/18	7670434	11.30%	0.79%
144	24/05/18	7116036	10.60%	0.80%
145	25/05/18	6002974	10.11%	0.82%
146	26/05/18	5765979	9.38%	0.70%
147	27/05/18	8139172	9.14%	0.91%
148	28/05/18	7877985	7.93%	0.86%
149	29/05/18	7827662	9.85%	0.81%
150	30/05/18	7488099	10.08%	0.72%
151	31/05/18	8015333	10.77%	0.74%
152	01/06/18	6372930	10.63%	0.68%
153	02/06/18	6147303	12.17%	0.71%
154	03/06/18	8839785	12.74%	0.79%
155	04/06/18	8558057	11.40%	0.77%
156	05/06/18	8021249	10.16%	0.71%
157	06/06/18	8245644	11.52%	0.66%
158	07/06/18	7438362	10.84%	0.64%
159	08/06/18	6448148	12.42%	0.63%
160	09/06/18	6298184	12.93%	0.61%
161	10/06/18	8393132	12.18%	0.80%
162	11/06/18	8109952	13.18%	0.80%
163	12/06/18	7591195	12.64%	0.72%
164	13/06/18	7625840	13.64%	0.67%
165	14/06/18	7070696	13.67%	0.63%
166	15/06/18	5950723	14.98%	0.67%
167	16/06/18	5707027	13.88%	0.62%
168	17/06/18	9274344	19.30%	0.81%
169	18/06/18	9237462	20.03%	0.79%
170	19/06/18	8593103	18.83%	0.78%
171	20/06/18	8429281	19.27%	0.72%
172	21/06/18	7731664	20.40%	0.72%
173	22/06/18	6536234	22.18%	0.73%
174	23/06/18	6130059	22.30%	0.65%
175	24/06/18	9358415	23.69%	0.75%
176	25/06/18	8183974	21.57%	0.73%
177	26/06/18	8455154	23.96%	0.69%
178	27/06/18	7481255	24.17%	0.66%
179	28/06/18	7913485	24.16%	0.66%
180	29/06/18	6866470	25.22%	0.65%
181	30/06/18	6106833	24.21%	0.68%
182	01/07/18	9577675	28.34%	0.70%
183	02/07/18	8143965	25.50%	0.69%
184	03/07/18	8103394	25.58%	0.64%
185	04/07/18	7671032	24.71%	0.60%
186	05/07/18	7042201	24.66%	0.60%
187	06/07/18	6596966	27.55%	0.64%
188	07/07/18	6308487	28.29%	2.11%
189	08/07/18	7834902	26.60%	2.27%
190	09/07/18	7023471	23.38%	0.70%
191	10/07/18	7087763	23.40%	0.63%
192	11/07/18	7295787	24.93%	0.63%
193	12/07/18	6306814	25.43%	0.64%
194	13/07/18	5504644	26.50%	0.63%
195	14/07/18	5250792	26.23%	0.64%
196	15/07/18	6737027	26.89%	0.68%
197	16/07/18	6652427	26.05%	0.68%
198	17/07/18	6796722	25.33%	0.63%
199	18/07/18	6521253	25.67%	0.61%
200	19/07/18	6013975	26.00%	0.63%
201	20/07/18	7635159	32.19%	7.94%
202	21/07/18	6671817	30.63%	7.34%
203	22/07/18	8449433	29.13%	7.49%
204	23/07/18	8376110	28.44%	7.44%
205	24/07/18	5651261	19.32%	0.63%
206	25/07/18	5684674	19.34%	0.60%
207	26/07/18	5382941	18.55%	0.58%
208	27/07/18	4774553	19.51%	1.50%
209	28/07/18	4692742	18.29%	1.63%
210	29/07/18	5613808	16.41%	1.65%
211	30/07/18	6481855	22.08%	1.77%
212	31/07/18	6064041	18.75%	0.72%
213	01/08/18	6081130	16.85%	0.64%
214	02/08/18	5736095	16.42%	0.58%
215	03/08/18	5026581	15.68%	0.58%
216	04/08/18	4619744	15.04%	0.57%
217	05/08/18	5762281	14.23%	0.66%
218	06/08/18	6175471	19.32%	0.81%
219	07/08/18	6078646	17.92%	0.80%
220	08/08/18	6154560	16.44%	0.64%
221	09/08/18	5785771	14.93%	0.62%
222	10/08/18	4892373	14.86%	0.65%
223	11/08/18	4495767	14.74%	0.58%
224	12/08/18	5642127	13.51%	0.84%
225	13/08/18	6537048	21.64%	1.00%
226	14/08/18	6392855	16.77%	0.85%
227	15/08/18	6332997	14.50%	0.70%
228	16/08/18	5775637	13.93%	0.72%
229	17/08/18	5144563	15.90%	0.69%
230	18/08/18	4744768	14.12%	0.66%
231	19/08/18	5984190	12.81%	0.85%
232	20/08/18	6794374	18.58%	0.87%
233	21/08/18	6532273	15.79%	0.83%
234	22/08/18	6642804	15.79%	0.69%
235	23/08/18	6071856	14.01%	0.75%
236	24/08/18	5958170	13.98%	0.78%
237	25/08/18	6307055	13.22%	0.75%
238	26/08/18	8194730	13.10%	1.00%
239	27/08/18	8184778	11.94%	0.85%
240	28/08/18	7873791	12.89%	0.78%
241	29/08/18	7552850	13.92%	0.67%
242	30/08/18	7611925	11.95%	0.68%
243	31/08/18	7017581	12.41%	0.67%
244	01/09/18	7239444	11.95%	0.59%
245	02/09/18	10073928	10.41%	0.83%
246	03/09/18	8796536	9.58%	0.81%
247	04/09/18	8150398	10.21%	0.73%
248	05/09/18	7841439	11.68%	0.71%
249	06/09/18	7456183	10.89%	0.71%
250	07/09/18	6960619	11.64%	0.73%
251	08/09/18	6517722	12.42%	0.69%
252	09/09/18	8283434	9.93%	0.91%
253	10/09/18	8047335	9.97%	0.88%
254	11/09/18	7630119	11.06%	0.84%
255	12/09/18	7862190	12.47%	0.72%
256	13/09/18	7526288	11.36%	0.72%
257	14/09/18	6595618	12.47%	0.72%
258	15/09/18	6470954	10.99%	0.71%
259	16/09/18	8384182	10.65%	0.91%
260	17/09/18	9579817	9.85%	5.82%
261	18/09/18	9008039	9.67%	5.86%
262	19/09/18	9419465	8.68%	6.08%
263	20/09/18	6571965	11.59%	0.67%
264	21/09/18	6279206	12.45%	0.65%
265	22/09/18	6712996	10.58%	0.58%
266	23/09/18	10382323	12.33%	0.77%
267	24/09/18	9492332	10.06%	0.73%
268	25/09/18	9693629	10.48%	0.64%
269	26/09/18	9363958	11.49%	0.58%
270	27/09/18	7917453	10.66%	0.63%
271	28/09/18	6787801	11.08%	0.76%
272	29/09/18	7164543	11.75%	0.88%
273	30/09/18	9534457	11.04%	1.16%
274	01/10/18	9193182	9.31%	0.77%
275	02/10/18	8439861	9.46%	0.65%
276	03/10/18	9475520	10.36%	0.65%
277	04/10/18	7645116	9.25%	0.57%
278	05/10/18	6514270	10.75%	0.63%
279	06/10/18	6752664	10.74%	0.50%
280	07/10/18	10287071	13.72%	0.89%
281	08/10/18	8851582	13.22%	0.86%
282	09/10/18	8639644	14.34%	0.88%
283	10/10/18	9310715	16.38%	0.90%
284	11/10/18	7939734	16.01%	0.62%
285	12/10/18	7004861	17.99%	0.74%
286	13/10/18	6598971	16.77%	0.74%
287	14/10/18	9383330	18.39%	0.80%
288	15/10/18	8703573	17.61%	0.79%
289	16/10/18	9139126	18.85%	0.71%
290	17/10/18	8878548	17.57%	0.58%
291	18/10/18	8575747	17.32%	0.58%
292	19/10/18	8008263	18.66%	0.61%
293	20/10/18	8678830	17.61%	0.60%
294	21/10/18	9874397	13.20%	0.65%
295	22/10/18	9375559	12.78%	0.60%
296	23/10/18	9451719	11.40%	0.58%
297	24/10/18	9323433	11.41%	0.54%
298	25/10/18	8095689	11.41%	0.55%
299	26/10/18	8733179	27.92%	0.72%
300	27/10/18	8414146	18.29%	0.48%
301	28/10/18	12330068	11.16%	0.58%
302	29/10/18	9833084	11.87%	0.61%
303	30/10/18	11157049	14.25%	4.16%
304	31/10/18	10209544	15.57%	4.47%
305	01/11/18	8802364	12.73%	0.53%
306	02/11/18	7598568	14.46%	0.47%
307	03/11/18	7740097	13.88%	0.45%
308	04/11/18	10602097	13.62%	0.55%
309	05/11/18	8870897	12.81%	0.58%
310	06/11/18	8580684	12.51%	0.56%
311	07/11/18	9094478	14.35%	0.49%
312	08/11/18	8165153	13.78%	0.48%
313	09/11/18	7114316	14.73%	0.47%
314	10/11/18	7476237	13.62%	0.44%
315	11/11/18	9945862	13.56%	0.51%
316	12/11/18	8535688	12.14%	0.54%
317	13/11/18	9055436	12.70%	0.49%
318	14/11/18	9110600	13.09%	0.44%
319	15/11/18	8406671	12.98%	0.45%
320	16/11/18	6905732	11.97%	0.44%
321	17/11/18	7710108	14.97%	0.44%
322	18/11/18	19236497	25.19%	0.63%
323	19/11/18	13672100	21.19%	0.59%
324	20/11/18	11656443	18.58%	0.63%
325	21/11/18	15648325	22.55%	0.65%
326	22/11/18	16064367	24.08%	0.63%
327	23/11/18	43322462	26.90%	0.60%
328	24/11/18	7355426	14.69%	0.51%
329	25/11/18	8076770	11.24%	0.53%
330	26/11/18	7579144	14.07%	0.79%
331	27/11/18	7160000	9.58%	0.79%
332	28/11/18	8326380	9.90%	0.82%
333	29/11/18	8009811	11.58%	0.94%
334	30/11/18	7440062	13.94%	0.95%
335	01/12/18	7210144	14.46%	0.59%
336	02/12/18	10037021	13.47%	0.58%
337	03/12/18	9247995	13.77%	0.54%
338	04/12/18	9188212	13.05%	0.51%
339	05/12/18	9315597	12.62%	0.49%
340	06/12/18	9130390	13.55%	0.51%
341	07/12/18	8178017	14.79%	0.48%
342	08/12/18	8720689	15.63%	0.43%
343	09/12/18	12305119	16.43%	0.42%
344	10/12/18	11161010	15.85%	0.43%
345	11/12/18	11067212	16.07%	0.45%
346	12/12/18	11109197	16.30%	0.46%
347	13/12/18	12123543	17.88%	4.02%
348	14/12/18	10735321	18.19%	4.04%
349	15/12/18	11150924	18.14%	4.63%
350	16/12/18	11686441	15.93%	0.53%
351	17/12/18	10535581	14.38%	0.54%
352	18/12/18	9391066	15.56%	0.53%
353	19/12/18	7303107	14.50%	0.50%
354	20/12/18	7057056	19.61%	0.63%
355	21/12/18	6104204	22.48%	0.60%
356	22/12/18	5022648	22.38%	0.54%
357	23/12/18	5242684	23.89%	0.69%
358	24/12/18	3937352	24.60%	0.70%
359	25/12/18	5193312	22.82%	0.53%
360	26/12/18	6879416	23.99%	0.65%
361	27/12/18	7621809	21.46%	0.62%
362	28/12/18	7579481	22.70%	0.63%
363	29/12/18	6731238	23.47%	0.61%
364	30/12/18	6378796	22.87%	0.90%
365	31/12/18	3820099	22.24%	1.44%
366	01/01/19	4856951	22.05%	0.70%
367	02/01/19	8174124	19.90%	0.63%
368	03/01/19	8857483	22.20%	0.61%
369	04/01/19	8490935	24.81%	0.63%
370	05/01/19	8267303	23.00%	0.54%
371	06/01/19	9487286	25.01%	0.69%
372	07/01/19	7925868	23.49%	0.65%
373	08/01/19	8725633	23.82%	0.62%
374	09/01/19	9025294	23.00%	0.63%
375	10/01/19	8048216	23.03%	0.60%
376	11/01/19	7069142	24.27%	0.62%
377	12/01/19	7260437	24.03%	0.55%
378	13/01/19	9052711	22.96%	0.70%
379	14/01/19	7600004	22.48%	0.71%
380	15/01/19	7516222	22.33%	0.65%
381	16/01/19	7786886	23.92%	0.58%
382	17/01/19	7313409	23.07%	0.58%
383	18/01/19	6498805	24.00%	0.58%
384	19/01/19	6320154	22.62%	0.56%
385	20/01/19	9463178	27.26%	0.74%
386	21/01/19	8062936	25.60%	0.70%
387	22/01/19	7777008	25.25%	0.69%
388	23/01/19	8246301	25.74%	0.56%
389	24/01/19	7539495	25.68%	0.56%
390	25/01/19	6484550	24.80%	0.57%
391	26/01/19	6631237	23.61%	0.53%
392	27/01/19	9006813	22.83%	1.63%
393	28/01/19	7991038	23.74%	1.70%
394	29/01/19	8391159	24.46%	1.86%
395	30/01/19	8321424	32.54%	0.64%
396	31/01/19	7054069	25.86%	0.64%
397	01/02/19	6043692	23.25%	0.51%
398	02/02/19	6819535	23.59%	0.46%
399	03/02/19	11658576	26.61%	8.09%
400	04/02/19	8368641	25.31%	7.42%
401	05/02/19	9996729	25.50%	7.85%
402	06/02/19	6983281	26.84%	0.55%
403	07/02/19	6672720	22.30%	0.54%
404	08/02/19	5899236	19.90%	0.51%
405	09/02/19	6347221	18.23%	0.45%
406	10/02/19	7963157	14.90%	0.62%
407	11/02/19	6996242	15.65%	0.62%
408	12/02/19	7122741	16.95%	0.55%
409	13/02/19	7307746	23.01%	0.55%
410	14/02/19	6094500	18.15%	0.52%
411	15/02/19	5792363	15.58%	0.54%
412	16/02/19	5836749	13.32%	0.50%
413	17/02/19	7858126	10.88%	0.61%
414	18/02/19	7337839	11.54%	0.57%
415	19/02/19	7657600	11.47%	0.51%
416	20/02/19	8784946	22.92%	0.57%
417	21/02/19	7438811	16.78%	0.53%
418	22/02/19	6563702	14.15%	0.50%
419	23/02/19	6691814	12.83%	0.47%
420	24/02/19	8735450	11.43%	0.61%
421	25/02/19	7771403	11.25%	0.61%
422	26/02/19	8118824	12.45%	0.59%
423	27/02/19	8445541	13.57%	0.49%
424	28/02/19	7697566	12.58%	0.52%
425	01/03/19	6860638	12.26%	0.47%
426	02/03/19	7299570	12.36%	0.45%
427	03/03/19	9086877	10.69%	0.59%
428	04/03/19	8407092	11.57%	0.61%
429	05/03/19	8028531	11.02%	0.57%
430	06/03/19	8631890	12.13%	0.49%
431	07/03/19	8322759	12.44%	0.46%
432	08/03/19	7092124	11.73%	0.47%
433	09/03/19	7902854	11.21%	0.42%
434	10/03/19	10330575	10.55%	0.60%
435	11/03/19	8447809	12.07%	0.69%
436	12/03/19	8060750	10.72%	0.60%
437	13/03/19	8522003	11.47%	0.49%
438	14/03/19	8841560	12.62%	0.50%
439	15/03/19	7308298	13.11%	0.50%
440	16/03/19	7604784	13.29%	0.48%
441	17/03/19	10117375	11.53%	0.60%
442	18/03/19	8531857	12.46%	0.58%
443	19/03/19	8692324	12.49%	0.56%
444	20/03/19	9862487	15.04%	0.53%
445	21/03/19	8625492	14.77%	0.50%
446	22/03/19	7786792	15.18%	0.53%
447	23/03/19	7907747	14.03%	0.57%
448	24/03/19	15647046	18.61%	4.92%
449	25/03/19	12501617	18.80%	4.48%
450	26/03/19	12863638	18.88%	4.78%
451	27/03/19	10213181	16.43%	0.61%
452	28/03/19	9415417	20.19%	0.61%
453	29/03/19	8031734	17.24%	0.70%
454	30/03/19	7920614	15.22%	0.59%
455	31/03/19	11349142	15.53%	0.80%
456	01/04/19	10500089	15.33%	0.60%
457	02/04/19	10630536	16.79%	0.56%
458	03/04/19	10606028	17.60%	0.52%
459	04/04/19	10211386	18.62%	0.52%
460	05/04/19	8627591	18.03%	0.49%
461	06/04/19	8623723	17.10%	0.45%
462	07/04/19	11720757	16.65%	0.58%
463	08/04/19	10495911	15.88%	0.66%
464	09/04/19	12183043	17.49%	2.79%
465	10/04/19	9180564	14.81%	0.48%
466	11/04/19	8387461	13.29%	0.49%
467	12/04/19	7409969	14.10%	0.48%
468	13/04/19	7818034	14.77%	0.42%
469	14/04/19	10499467	12.40%	0.54%
470	15/04/19	8520117	12.95%	0.55%
471	16/04/19	8120247	12.34%	0.52%
472	17/04/19	7415052	11.38%	0.47%
473	18/04/19	6283315	11.06%	0.46%
474	19/04/19	6701691	12.67%	0.42%
475	20/04/19	6083269	12.28%	0.44%
476	21/04/19	6502393	10.85%	0.78%
477	22/04/19	8851197	9.15%	0.79%
478	23/04/19	9181743	8.56%	0.47%
479	24/04/19	9649986	9.92%	0.43%
480	25/04/19	9061825	10.03%	0.42%
481	26/04/19	8368558	11.44%	0.41%
482	27/04/19	8413452	10.60%	0.40%
483	28/04/19	10441828	10.82%	0.52%
484	29/04/19	8625136	11.66%	0.54%
485	30/04/19	7789218	13.55%	0.53%
486	01/05/19	8751130	13.25%	0.45%
487	02/05/19	8327155	12.96%	0.47%
488	03/05/19	8432771	23.62%	0.58%
489	04/05/19	8773322	15.46%	0.60%
490	05/05/19	10564157	12.75%	0.66%
491	06/05/19	8974423	11.22%	0.54%
492	07/05/19	9026923	12.11%	0.45%
493	08/05/19	9532726	14.14%	0.42%
494	09/05/19	8691148	11.94%	0.44%
495	10/05/19	7681298	13.53%	0.44%
496	11/05/19	8645802	13.21%	0.72%
497	12/05/19	10642018	12.22%	0.87%
498	13/05/19	9269270	12.01%	0.55%
499	14/05/19	9235811	12.55%	0.49%
500	15/05/19	9674692	13.40%	0.44%
501	16/05/19	9746867	15.18%	0.45%
502	17/05/19	7812157	15.26%	0.44%
503	18/05/19	8303684	15.92%	0.41%
504	19/05/19	10919144	14.70%	0.51%
505	20/05/19	10018022	14.42%	0.50%
506	21/05/19	10075549	14.53%	0.50%
507	22/05/19	9779749	15.19%	0.46%
508	23/05/19	9024315	15.13%	0.45%
509	24/05/19	8386504	15.51%	0.43%
510	25/05/19	8489108	14.91%	0.42%
511	26/05/19	10764851	14.90%	0.64%
512	27/05/19	10151734	14.62%	0.65%
513	28/05/19	9331294	13.85%	0.59%
514	29/05/19	8223913	14.60%	0.47%
515	30/05/19	9006153	15.27%	0.51%
516	31/05/19	8230518	14.15%	0.53%
517	01/06/19	8192826	14.04%	0.77%
518	02/06/19	11780474	12.24%	0.67%
519	03/06/19	11732536	11.96%	0.55%
520	04/06/19	11391410	12.76%	0.48%
521	05/06/19	10925495	12.90%	0.44%
522	06/06/19	9610712	13.93%	0.46%
523	07/06/19	7538141	13.21%	0.44%
524	08/06/19	7115685	13.59%	0.40%
525	09/06/19	8816841	16.04%	0.55%
526	10/06/19	10737794	14.97%	0.62%
527	11/06/19	8660661	14.04%	0.51%
528	12/06/19	8912505	14.95%	0.45%
529	13/06/19	8216043	14.54%	0.44%
530	14/06/19	7251377	15.17%	0.43%
531	15/06/19	7457473	16.80%	0.40%
532	16/06/19	14280396	20.78%	5.21%
533	17/06/19	12633583	21.43%	4.95%
534	18/06/19	11510969	20.76%	4.77%
535	19/06/19	8515110	20.25%	0.57%
536	20/06/19	8909811	20.33%	0.48%
537	21/06/19	7722435	18.76%	0.45%
538	22/06/19	8579168	21.59%	0.49%
539	23/06/19	10359877	20.13%	0.54%
540	24/06/19	11367415	21.42%	0.52%
541	25/06/19	10527014	20.92%	0.48%
542	26/06/19	9941434	20.99%	0.41%
543	27/06/19	8903759	20.01%	0.65%
544	28/06/19	7666447	22.07%	0.73%
545	29/06/19	7342412	22.07%	0.72%
546	30/06/19	10749819	25.47%	0.72%
547	01/07/19	9484576	23.47%	0.53%
548	02/07/19	9267014	22.76%	0.41%
549	03/07/19	8997740	23.87%	0.40%
550	04/07/19	8131500	23.87%	0.42%
551	05/07/19	7153429	23.93%	0.39%
552	06/07/19	7135758	24.28%	0.39%
553	07/07/19	9263979	23.84%	0.41%
554	08/07/19	8812812	23.00%	0.40%
555	09/07/19	8085462	22.93%	0.36%
556	10/07/19	8285003	24.33%	0.38%
557	11/07/19	7780385	24.20%	0.37%
558	12/07/19	6718150	24.87%	0.37%
559	13/07/19	6605786	23.84%	0.35%
560	14/07/19	9126022	26.87%	1.40%
561	15/07/19	8648209	25.04%	1.45%
562	16/07/19	8167133	25.07%	1.75%
563	17/07/19	7307006	23.25%	0.39%
564	18/07/19	6774004	22.88%	0.37%
565	19/07/19	5996774	23.95%	0.39%
566	20/07/19	5857688	23.13%	0.38%
567	21/07/19	9711906	25.83%	6.84%
568	22/07/19	9406814	23.17%	6.33%
569	23/07/19	9382745	23.43%	6.86%
570	24/07/19	6643760	18.87%	0.53%
571	25/07/19	6378231	20.48%	0.38%
572	26/07/19	5810560	21.96%	0.38%
573	27/07/19	5952988	21.98%	0.36%
574	28/07/19	7509167	18.55%	0.42%
575	29/07/19	6976801	18.67%	0.42%
576	30/07/19	6767027	18.74%	0.39%
577	31/07/19	7244724	20.41%	0.44%
578	01/08/19	6380867	19.74%	0.40%
579	02/08/19	6274951	20.81%	0.38%
580	03/08/19	6169170	20.64%	0.36%
581	04/08/19	6950060	16.84%	0.43%
582	05/08/19	7623914	17.56%	0.39%
583	06/08/19	7910551	18.20%	0.37%
584	07/08/19	8966438	28.47%	0.49%
585	08/08/19	7455852	23.49%	0.46%
586	09/08/19	6403890	20.08%	0.38%
587	10/08/19	6368664	18.88%	0.35%
588	11/08/19	7385128	16.31%	0.43%
589	12/08/19	7944905	16.04%	0.40%
590	13/08/19	8091707	17.39%	0.39%
591	14/08/19	8066902	23.84%	0.51%
592	15/08/19	7959092	18.48%	0.46%
593	16/08/19	6679888	15.09%	0.34%
594	17/08/19	6702334	14.63%	0.35%
595	18/08/19	8221946	13.08%	0.41%
596	19/08/19	8076018	13.19%	0.39%
597	20/08/19	8603626	13.96%	0.38%
598	21/08/19	9033448	25.06%	0.48%
599	22/08/19	7891112	19.01%	0.43%
600	23/08/19	6670712	16.57%	0.37%
601	24/08/19	6075016	15.40%	0.36%
602	25/08/19	10568687	14.12%	6.41%
603	26/08/19	10185680	15.50%	6.64%
604	27/08/19	10914344	15.12%	7.62%
605	28/08/19	8562783	23.52%	0.60%
606	29/08/19	7801622	18.11%	0.41%
607	30/08/19	6789101	16.98%	0.38%
608	31/08/19	6682131	17.35%	0.36%
609	01/09/19	9925473	14.38%	0.39%
610	02/09/19	9415393	14.09%	0.36%
611	03/09/19	9460497	13.96%	0.38%
612	04/09/19	9580422	15.20%	0.35%
613	05/09/19	9688951	13.34%	0.32%
614	06/09/19	8745534	13.54%	0.33%
615	07/09/19	9047003	14.07%	0.34%
616	08/09/19	13015754	12.73%	0.36%
617	09/09/19	11418586	11.86%	0.36%
618	10/09/19	10236482	12.35%	0.34%
619	11/09/19	10312696	12.76%	0.33%
620	12/09/19	8775233	12.60%	0.36%
621	13/09/19	7971786	14.08%	0.38%
622	14/09/19	7621210	14.16%	0.35%
623	15/09/19	10180036	15.42%	0.45%
624	16/09/19	9506759	12.87%	0.41%
625	17/09/19	9756414	13.37%	0.39%
626	18/09/19	10924390	13.77%	0.39%
627	19/09/19	9420428	11.79%	0.40%
628	20/09/19	8312519	16.92%	0.45%
629	21/09/19	8074423	15.51%	0.41%
630	22/09/19	10548721	12.50%	0.47%
631	23/09/19	10025451	10.58%	0.43%
632	24/09/19	10235557	11.30%	0.42%
633	25/09/19	10872298	11.91%	0.45%
634	26/09/19	10104486	12.16%	0.78%
635	27/09/19	9092437	13.75%	0.68%
636	28/09/19	9090269	12.59%	0.44%
637	29/09/19	11197659	11.58%	0.54%
638	30/09/19	9825676	11.65%	0.48%
639	01/10/19	9458305	11.60%	0.43%
640	02/10/19	9291879	12.85%	0.39%
641	03/10/19	9967101	12.66%	0.43%
642	04/10/19	8849303	11.72%	0.42%
643	05/10/19	8928127	11.77%	0.38%
644	06/10/19	11718805	10.51%	0.50%
645	07/10/19	10112635	10.56%	0.47%
646	08/10/19	10313138	11.42%	0.71%
647	09/10/19	10648370	11.60%	0.69%
648	10/10/19	9167259	12.22%	0.44%
649	11/10/19	7745866	12.92%	0.45%
650	12/10/19	7540961	13.10%	0.40%
651	13/10/19	15563730	19.56%	5.39%
652	14/10/19	12431305	18.16%	5.08%
653	15/10/19	14578086	19.68%	5.69%
654	16/10/19	10205787	17.66%	0.54%
655	17/10/19	9250539	17.03%	0.43%
656	18/10/19	8404215	17.67%	0.41%
657	19/10/19	8868181	17.36%	0.38%
658	20/10/19	12155802	19.01%	0.70%
659	21/10/19	10389565	18.09%	0.39%
660	22/10/19	10303936	18.57%	0.36%
661	23/10/19	10469695	18.39%	0.37%
662	24/10/19	9861669	19.66%	0.49%
663	25/10/19	8962360	24.85%	0.57%
664	26/10/19	8447715	20.48%	0.49%
665	27/10/19	14263486	20.59%	3.14%
666	28/10/19	12279514	18.74%	2.86%
667	29/10/19	13734756	19.33%	3.17%
668	30/10/19	10190064	14.37%	0.50%
669	31/10/19	8988104	13.46%	0.50%
670	01/11/19	9394157	12.93%	0.42%
671	02/11/19	9771254	14.05%	0.41%
672	03/11/19	13119494	13.68%	0.45%
673	04/11/19	10607902	13.18%	0.39%
674	05/11/19	10454016	12.69%	0.38%
675	06/11/19	11175823	13.72%	0.35%
676	07/11/19	10120963	12.69%	0.34%
677	08/11/19	9263249	15.13%	0.43%
678	09/11/19	9835507	15.04%	0.46%
679	10/11/19	12672072	13.13%	0.39%
680	11/11/19	11257194	12.37%	0.36%
681	12/11/19	10310460	13.51%	0.34%
682	13/11/19	12432954	14.42%	0.30%
683	14/11/19	10451379	14.36%	0.31%
684	15/11/19	9126718	14.78%	0.31%
685	16/11/19	10073952	16.09%	0.29%
686	17/11/19	13449138	15.95%	0.38%
687	18/11/19	11135842	15.00%	0.38%
688	19/11/19	11170793	17.35%	0.37%
689	20/11/19	10809529	15.58%	0.35%
690	21/11/19	13464320	21.39%	0.80%
691	22/11/19	13194815	24.21%	1.10%
692	23/11/19	11394575	22.82%	0.79%
693	24/11/19	18369979	23.51%	0.74%
694	25/11/19	19451675	27.64%	0.89%
695	26/11/19	16369623	27.52%	0.84%
696	27/11/19	18780605	28.41%	0.79%
697	28/11/19	18924653	28.54%	0.96%
698	29/11/19	55845299	33.56%	0.95%
699	30/11/19	10168830	24.04%	0.76%
700	01/12/19	13180423	22.50%	0.65%
701	02/12/19	14467309	21.65%	0.62%
702	03/12/19	9471649	14.34%	0.76%
703	04/12/19	9336184	12.95%	0.77%
704	05/12/19	9305747	14.39%	0.82%
705	06/12/19	10918223	19.82%	0.88%
706	07/12/19	9724310	17.95%	0.73%
707	08/12/19	13327254	19.63%	0.64%
708	09/12/19	12355081	18.67%	0.58%
709	10/12/19	12014019	18.56%	0.55%
710	11/12/19	12253189	17.04%	0.53%
711	12/12/19	11634390	16.62%	0.46%
712	13/12/19	10566462	18.24%	0.63%
713	14/12/19	10457991	18.70%	0.51%
714	15/12/19	12957232	18.01%	0.56%
715	16/12/19	12524985	20.07%	0.41%
716	17/12/19	11121635	17.04%	0.37%
717	18/12/19	10408452	18.08%	0.39%
718	19/12/19	8408970	18.97%	0.39%
719	20/12/19	7550796	22.00%	0.43%
720	21/12/19	6385590	22.13%	0.38%
721	22/12/19	6614485	21.50%	0.42%
722	23/12/19	5806398	21.58%	0.43%
723	24/12/19	4828230	24.88%	0.45%
724	25/12/19	6345249	24.25%	0.40%
725	26/12/19	8349394	24.83%	0.41%
726	27/12/19	8328472	22.93%	0.39%
727	28/12/19	7782235	23.37%	0.37%
728	29/12/19	8154162	24.54%	0.61%
729	30/12/19	7141564	22.28%	0.61%
730	31/12/19	5177334	24.61%	1.00%
731	01/01/20	6132088	24.10%	0.45%
732	02/01/20	8873931	23.39%	0.45%
733	03/01/20	9241192	23.59%	0.43%
734	04/01/20	9164339	23.32%	0.39%
735	05/01/20	9964575	26.71%	0.41%
736	06/01/20	9025212	25.40%	0.41%
737	07/01/20	11184867	29.60%	0.41%
738	08/01/20	10661562	29.25%	0.39%
739	09/01/20	9880642	29.59%	0.39%
740	10/01/20	8999233	29.58%	0.35%
741	11/01/20	9146991	28.98%	0.37%
742	12/01/20	11056435	29.91%	0.51%
743	13/01/20	9281375	28.45%	0.52%
744	14/01/20	9345828	27.40%	0.46%
745	15/01/20	9287764	26.33%	0.41%
746	16/01/20	7896119	26.71%	0.38%
747	17/01/20	8152540	29.10%	0.45%
748	18/01/20	8199998	26.98%	0.40%
749	19/01/20	10044392	24.92%	0.50%
750	20/01/20	8583138	24.68%	0.51%
751	21/01/20	9144522	26.36%	0.47%
752	22/01/20	9417989	25.90%	0.45%
753	23/01/20	9118287	27.42%	0.48%
754	24/01/20	8519708	29.15%	0.52%
755	25/01/20	8107755	25.76%	0.51%
756	26/01/20	14361086	27.28%	8.85%
757	27/01/20	11764865	25.71%	8.20%
758	28/01/20	13579846	26.97%	9.09%
759	29/01/20	8814434	23.61%	0.60%
760	30/01/20	7918341	25.78%	0.48%
761	31/01/20	7837195	24.36%	0.48%
762	01/02/20	8053703	21.06%	0.38%
763	02/02/20	9622921	18.42%	0.36%
764	03/02/20	8349223	18.82%	0.35%
765	04/02/20	8697318	19.26%	0.33%
766	05/02/20	8739794	20.26%	0.36%
767	06/02/20	8039115	22.18%	0.38%
768	07/02/20	7003209	21.82%	0.49%
769	08/02/20	7356612	19.42%	0.39%
770	09/02/20	8840248	15.58%	0.46%
771	10/02/20	9021374	15.91%	0.79%
772	11/02/20	9492522	17.11%	0.76%
773	12/02/20	9765512	21.52%	0.75%
774	13/02/20	8409753	20.73%	0.85%
775	14/02/20	7838368	19.54%	0.64%
776	15/02/20	7277227	17.02%	0.29%
777	16/02/20	9150937	14.59%	0.31%
778	17/02/20	8402623	14.90%	0.30%
779	18/02/20	8471884	15.21%	0.32%
780	19/02/20	9251125	19.12%	0.31%
781	20/02/20	7920228	20.06%	0.45%
782	21/02/20	7182036	17.88%	0.41%
783	22/02/20	7406150	16.12%	0.29%
784	23/02/20	9239084	14.53%	0.31%
785	24/02/20	8324616	15.18%	0.30%
786	25/02/20	8978459	15.35%	0.30%
787	26/02/20	9111578	15.67%	0.28%
788	27/02/20	8670134	16.21%	0.31%
789	28/02/20	7531061	16.13%	0.30%
790	29/02/20	8432927	15.46%	0.29%
791	01/03/20	12255149	15.24%	3.65%
792	02/03/20	9715966	14.12%	3.31%
793	03/03/20	10520096	12.75%	4.47%
794	04/03/20	9723537	13.62%	0.32%
795	05/03/20	8783248	13.20%	0.26%
796	06/03/20	8432308	15.53%	0.28%
797	07/03/20	8705161	14.78%	0.24%
798	08/03/20	10989028	14.17%	0.43%
799	09/03/20	9517514	14.49%	0.62%
800	10/03/20	9293987	13.37%	0.53%
801	11/03/20	9447835	12.19%	0.46%
802	12/03/20	8286728	13.95%	0.30%
803	13/03/20	6032948	13.54%	0.33%
804	14/03/20	6877707	15.15%	0.27%
805	15/03/20	7704831	13.07%	0.28%
806	16/03/20	6765826	16.08%	0.29%
807	17/03/20	7150056	16.34%	0.30%
808	18/03/20	9505771	18.33%	1.91%
809	19/03/20	9180622	18.68%	2.19%
810	20/03/20	8849723	18.99%	2.69%
811	21/03/20	9364469	20.75%	0.28%
812	22/03/20	10483983	20.31%	0.28%
813	23/03/20	8672006	20.93%	0.27%
814	24/03/20	9695268	22.62%	0.27%
815	25/03/20	10774999	22.17%	0.28%
816	26/03/20	10753256	21.56%	0.27%
817	27/03/20	11672917	21.18%	1.97%
818	28/03/20	11794301	22.28%	1.46%
819	29/03/20	14714630	21.47%	1.68%
820	30/03/20	10965620	20.28%	0.35%
821	31/03/20	11163501	19.92%	0.33%
822	01/04/20	13293305	21.23%	1.38%
823	02/04/20	12534917	20.35%	1.14%
824	03/04/20	14110365	21.59%	1.51%
825	04/04/20	12493648	21.66%	0.29%
826	05/04/20	14402206	20.63%	0.35%
827	06/04/20	14862770	19.52%	0.60%
828	07/04/20	13321658	14.94%	0.31%
829	08/04/20	12748460	15.80%	0.28%
830	09/04/20	10710977	11.85%	0.25%
831	10/04/20	11102519	11.07%	0.25%
832	11/04/20	10084582	14.33%	0.28%
833	12/04/20	10238983	13.64%	0.38%
834	13/04/20	12930675	11.32%	0.38%
835	14/04/20	12809802	13.83%	0.32%
836	15/04/20	12492782	11.67%	0.27%
837	16/04/20	12421909	11.67%	0.26%
838	17/04/20	12323222	13.81%	0.28%
839	18/04/20	12560398	11.84%	0.27%
840	19/04/20	13017062	11.21%	0.36%
841	20/04/20	12557829	12.46%	0.36%
842	21/04/20	11952997	11.42%	0.32%
843	22/04/20	11989068	10.29%	0.30%
844	23/04/20	12126283	11.88%	0.34%
845	24/04/20	12452381	15.45%	0.33%
846	25/04/20	12281330	14.71%	0.30%
847	26/04/20	13706232	13.91%	0.36%
848	27/04/20	12108391	12.20%	0.35%
849	28/04/20	13094622	12.95%	0.34%
850	29/04/20	13692561	15.85%	0.37%
851	30/04/20	11895262	16.29%	0.34%
852	01/05/20	13494886	18.13%	0.34%
853	02/05/20	12489796	17.21%	0.30%
854	03/05/20	13463675	17.73%	0.97%
855	04/05/20	12898005	17.72%	0.85%
856	05/05/20	12572087	16.60%	0.82%
857	06/05/20	12440685	16.78%	0.32%
858	07/05/20	11039178	20.68%	0.39%
859	08/05/20	10408363	17.53%	0.47%
860	09/05/20	10515296	15.75%	0.42%
861	10/05/20	14409229	16.23%	0.34%
862	11/05/20	13081245	15.36%	0.33%
863	12/05/20	12433663	15.04%	0.35%
864	13/05/20	12136307	13.17%	0.34%
865	14/05/20	11014933	13.88%	0.33%
866	15/05/20	10344545	14.78%	0.32%
867	16/05/20	10128046	15.29%	0.33%
868	17/05/20	12194699	15.07%	0.37%
869	18/05/20	11419154	12.66%	0.36%
870	19/05/20	11575528	13.36%	0.32%
871	20/05/20	9860127	14.54%	0.34%
872	21/05/20	10766819	14.75%	0.31%
873	22/05/20	10686628	14.06%	0.32%
874	23/05/20	11343395	14.58%	0.29%
875	24/05/20	12491958	13.83%	0.35%
876	25/05/20	11328141	12.65%	0.36%
877	26/05/20	11415537	12.29%	0.33%
878	27/05/20	11523420	12.90%	0.33%
879	28/05/20	10887964	12.58%	0.31%
880	29/05/20	10443231	16.38%	0.37%
881	30/05/20	9918243	16.80%	0.32%
882	31/05/20	11003596	16.95%	0.36%
883	01/06/20	12223796	14.71%	0.33%
884	02/06/20	11073284	12.87%	0.30%
885	03/06/20	11946823	15.47%	0.29%
886	04/06/20	11881042	15.52%	0.35%
887	05/06/20	11117841	17.58%	0.39%
888	06/06/20	11570307	17.24%	0.34%
889	07/06/20	15503711	19.98%	0.63%
890	08/06/20	11626495	18.24%	0.62%
891	09/06/20	12174925	19.02%	0.63%
892	10/06/20	11321067	18.77%	0.33%
893	11/06/20	11860656	19.62%	0.32%
894	12/06/20	9673717	17.99%	0.32%
895	13/06/20	9992504	18.22%	0.27%
896	14/06/20	14887966	20.37%	0.30%
897	15/06/20	12093874	18.92%	0.33%
898	16/06/20	12238342	19.06%	0.31%
899	17/06/20	12883263	21.20%	0.29%
900	18/06/20	11661588	20.10%	0.29%
901	19/06/20	10416209	20.78%	0.29%
902	20/06/20	10411156	20.26%	0.28%
903	21/06/20	13239366	19.75%	0.31%
904	22/06/20	11731895	18.79%	0.32%
905	23/06/20	12262953	18.43%	0.28%
906	24/06/20	12134062	18.31%	0.27%
907	25/06/20	11473998	20.53%	0.27%
908	26/06/20	10184225	20.03%	0.25%
909	27/06/20	10037914	21.02%	0.25%
910	28/06/20	13590532	23.26%	0.30%
911	29/06/20	11690367	21.46%	0.31%
912	30/06/20	11348099	20.31%	0.27%
913	01/07/20	12692450	21.81%	0.32%
914	02/07/20	11194447	20.86%	0.28%
915	03/07/20	9786713	21.49%	0.29%
916	04/07/20	9795060	22.08%	0.28%
917	05/07/20	12467141	22.87%	0.32%
918	06/07/20	12007225	21.54%	0.31%
919	07/07/20	11386524	20.91%	0.29%
920	08/07/20	11738232	23.05%	0.28%
921	09/07/20	10617708	22.90%	0.30%
922	10/07/20	9670525	23.53%	0.30%
923	11/07/20	9546536	23.33%	0.27%
924	12/07/20	14643820	25.14%	3.91%
925	13/07/20	13161156	23.12%	3.51%
926	14/07/20	14600214	24.04%	3.42%
927	15/07/20	9969327	20.34%	0.31%
928	16/07/20	9479914	18.61%	0.29%
929	17/07/20	9576457	23.77%	0.34%
930	18/07/20	8070853	20.53%	0.27%
931	19/07/20	9470049	17.34%	0.31%
932	20/07/20	9558011	16.50%	0.32%
933	21/07/20	9508150	16.61%	0.29%
934	22/07/20	9885278	16.20%	0.29%
935	23/07/20	9502768	17.89%	0.30%
936	24/07/20	8690161	18.33%	0.29%
937	25/07/20	8204360	21.24%	0.38%
938	26/07/20	10287089	17.77%	0.38%
939	27/07/20	9631227	16.50%	0.39%
940	28/07/20	9562298	16.72%	0.31%
941	29/07/20	9541738	16.62%	0.29%
942	30/07/20	9146495	17.68%	0.27%
943	31/07/20	7724315	18.89%	0.29%
944	01/08/20	7564108	18.83%	0.23%
945	02/08/20	10294643	15.89%	0.26%
946	03/08/20	10120532	15.30%	0.27%
947	04/08/20	10158229	15.66%	0.26%
948	05/08/20	9550800	15.18%	0.25%
949	06/08/20	8869413	19.47%	0.29%
950	07/08/20	7919750	18.31%	0.31%
951	08/08/20	7338259	17.22%	0.29%
952	09/08/20	9987294	18.66%	0.84%
953	10/08/20	9982246	16.39%	0.77%
954	11/08/20	9953648	16.35%	0.79%
955	12/08/20	9654946	15.81%	0.34%
956	13/08/20	9165281	20.28%	0.39%
957	14/08/20	8137214	18.99%	0.43%
958	15/08/20	8347498	20.65%	0.40%
959	16/08/20	10058824	19.10%	0.36%
960	17/08/20	9622429	16.53%	0.36%
961	18/08/20	9875665	16.66%	0.33%
962	19/08/20	9733389	19.58%	0.35%
963	20/08/20	8414488	20.12%	0.34%
964	21/08/20	8145589	20.69%	0.41%
965	22/08/20	8797824	19.79%	0.35%
966	23/08/20	13661408	17.06%	4.69%
967	24/08/20	13170485	15.32%	5.92%
968	25/08/20	10568288	16.89%	0.42%
969	26/08/20	11286206	17.24%	0.34%
970	27/08/20	10253279	18.06%	0.37%
971	28/08/20	9707959	17.10%	0.43%
972	29/08/20	10582209	17.25%	0.40%
973	30/08/20	15729602	14.77%	1.18%
974	31/08/20	13489909	16.95%	1.19%
975	01/09/20	12925610	13.91%	1.09%
976	02/09/20	12971061	15.50%	0.31%
977	03/09/20	12537509	15.91%	0.29%
978	04/09/20	10022090	16.71%	0.31%
979	05/09/20	10758519	16.84%	0.28%
980	06/09/20	15886636	13.88%	1.51%
981	07/09/20	13070654	13.30%	1.31%
982	08/09/20	14007266	14.94%	1.45%
983	09/09/20	12410910	15.81%	0.31%
984	10/09/20	11340761	14.19%	0.31%
985	11/09/20	9828914	16.22%	0.32%
986	12/09/20	9658135	16.54%	0.28%
987	13/09/20	11875333	16.41%	0.36%
988	14/09/20	10979720	16.54%	0.37%
989	15/09/20	10919316	15.52%	0.34%
990	16/09/20	12515312	16.72%	2.44%
991	17/09/20	11127654	15.37%	2.14%
992	18/09/20	10314540	15.73%	2.10%
993	19/09/20	10186651	15.81%	0.25%
994	20/09/20	13084009	14.40%	0.38%
995	21/09/20	11674942	12.28%	0.39%
996	22/09/20	11998132	13.79%	0.38%
997	23/09/20	13191917	14.93%	0.29%
998	24/09/20	12327062	14.04%	0.33%
999	25/09/20	12960860	13.70%	0.66%
1000	26/09/20	15406178	12.20%	0.59%
1001	27/09/20	18334443	11.96%	0.62%
1002	28/09/20	15108516	12.45%	0.35%
1003	29/09/20	15074028	12.84%	0.31%
1004	30/09/20	14374461	14.06%	0.32%
1005	01/10/20	14629613	12.81%	1.68%
1006	02/10/20	11619068	12.66%	0.26%
1007	03/10/20	13075037	13.32%	0.23%
1008	04/10/20	15348412	12.72%	0.28%
1009	05/10/20	13183032	9.59%	0.29%
1010	06/10/20	13509539	11.19%	0.29%
1011	07/10/20	13848886	10.60%	0.27%
1012	08/10/20	12710685	12.32%	0.26%
1013	09/10/20	11002418	13.35%	0.27%
1014	10/10/20	12242148	12.17%	0.24%
1015	11/10/20	20610294	15.58%	2.23%
1016	12/10/20	17381888	15.43%	1.97%
1017	13/10/20	16866823	15.08%	2.17%
1018	14/10/20	14551109	14.95%	0.29%
1019	15/10/20	14280563	14.48%	0.23%
1020	16/10/20	13658158	17.08%	0.27%
1021	17/10/20	13921162	16.24%	0.24%
1022	18/10/20	16636302	15.90%	0.30%
1023	19/10/20	14348093	16.93%	0.31%
1024	20/10/20	14033252	15.70%	0.28%
1025	21/10/20	13975292	15.70%	0.26%
1026	22/10/20	13727361	20.28%	0.28%
1027	23/10/20	12475393	17.48%	0.25%
1028	24/10/20	12552234	17.60%	0.24%
1029	25/10/20	16187030	16.84%	0.47%
1030	26/10/20	14583493	16.61%	0.45%
1031	27/10/20	15138820	16.43%	0.47%
1032	28/10/20	12470762	12.45%	0.24%
1033	29/10/20	12799416	14.03%	0.24%
1034	30/10/20	11338885	13.47%	0.27%
1035	31/10/20	10863755	12.77%	0.24%
1036	01/11/20	14581278	12.80%	0.28%
1037	02/11/20	11744993	12.10%	0.30%
1038	03/11/20	12307494	12.38%	0.31%
1039	04/11/20	13116140	13.18%	0.28%
1040	05/11/20	13456791	14.08%	0.30%
1041	06/11/20	12506666	16.37%	0.29%
1042	07/11/20	13242165	18.99%	0.28%
1043	08/11/20	15836972	16.06%	0.33%
1044	09/11/20	13113957	14.06%	0.32%
1045	10/11/20	13032972	14.15%	0.30%
1046	11/11/20	16819804	14.14%	3.50%
1047	12/11/20	12066702	15.21%	0.33%
1048	13/11/20	11178079	15.25%	0.32%
1049	14/11/20	11677509	15.09%	0.30%
1050	15/11/20	14273841	15.26%	0.42%
1051	16/11/20	12161317	15.25%	0.37%
1052	17/11/20	12549789	14.55%	0.32%
1053	18/11/20	12438290	15.64%	0.30%
1054	19/11/20	16603583	21.04%	0.75%
1055	20/11/20	22063442	26.44%	1.03%
1056	21/11/20	19526282	25.23%	0.85%
1057	22/11/20	23541272	23.97%	0.85%
1058	23/11/20	20377729	24.44%	0.92%
1059	24/11/20	23205623	26.89%	1.02%
1060	25/11/20	23384570	27.52%	0.91%
1061	26/11/20	37402028	30.93%	1.03%
1062	27/11/20	69357915	30.40%	0.93%
1063	28/11/20	16549271	24.22%	0.48%
1064	29/11/20	17108263	20.54%	0.41%
1065	30/11/20	24367452	24.39%	8.02%
1066	01/12/20	13374584	17.53%	0.29%
1067	02/12/20	13849476	17.46%	0.23%
1068	03/12/20	12946310	16.48%	0.24%
1069	04/12/20	12915115	18.91%	0.28%
1070	05/12/20	13583783	19.03%	0.26%
1071	06/12/20	14574046	18.10%	0.26%
1072	07/12/20	13132483	16.20%	0.27%
1073	08/12/20	14463735	16.67%	0.27%
1074	09/12/20	14883989	15.52%	0.26%
1075	10/12/20	14736781	16.78%	0.26%
1076	11/12/20	14131835	17.43%	0.30%
1077	12/12/20	15532685	17.87%	0.27%
1078	13/12/20	18876184	18.28%	0.77%
1079	14/12/20	15862965	17.75%	0.86%
1080	15/12/20	16669885	19.39%	1.31%
1081	16/12/20	16566652	19.41%	1.16%
1082	17/12/20	15603573	20.35%	0.99%
1083	18/12/20	12944411	20.54%	0.31%
1084	19/12/20	12553358	21.84%	0.35%
1085	20/12/20	13334322	22.68%	0.35%
1086	21/12/20	10706303	22.13%	0.32%
1087	22/12/20	9569871	22.83%	0.33%
1088	23/12/20	8704642	23.90%	0.33%
1089	24/12/20	6910601	25.16%	0.31%
1090	25/12/20	9415565	25.00%	0.26%
1091	26/12/20	12823843	28.17%	0.29%
1092	27/12/20	14254985	26.56%	0.30%
1093	28/12/20	15101297	24.85%	0.31%
1094	29/12/20	14819362	24.47%	0.32%
1095	30/12/20	13462184	23.96%	0.34%
1096	31/12/20	8985773	25.52%	0.65%
1097	01/01/21	9494420	24.59%	0.36%
1098	02/01/21	12189922	24.39%	0.29%
1099	03/01/21	15336992	25.52%	2.78%
1100	04/01/21	14166409	24.76%	2.37%
1101	05/01/21	14233622	23.84%	2.32%
1102	06/01/21	13425628	23.09%	0.34%
1103	07/01/21	13291525	23.89%	0.31%
1104	08/01/21	12936815	26.38%	0.34%
1105	09/01/21	12720980	25.70%	0.31%
1106	10/01/21	15263962	29.78%	0.83%
1107	11/01/21	13779829	29.18%	0.78%
1108	12/01/21	14969432	28.37%	0.75%
1109	13/01/21	13941209	27.15%	0.29%
1110	14/01/21	13919279	27.33%	0.30%
1111	15/01/21	15958610	32.56%	0.32%
1112	16/01/21	15203208	32.47%	0.28%
1113	17/01/21	16696868	31.72%	0.35%
1114	18/01/21	13669636	30.68%	0.33%
1115	19/01/21	14709284	30.42%	0.33%
1116	20/01/21	14397057	30.01%	0.29%
1117	21/01/21	15157248	33.56%	0.35%
1118	22/01/21	13453706	31.08%	0.32%
1119	23/01/21	14627689	30.87%	0.31%
1120	24/01/21	19567020	31.91%	3.96%
1121	25/01/21	16217856	30.78%	3.56%
1122	26/01/21	18702303	31.53%	3.78%
1123	27/01/21	13368292	23.43%	0.29%
1124	28/01/21	13518629	23.70%	0.30%
1125	29/01/21	12671973	23.30%	0.28%
1126	30/01/21	14362512	23.16%	0.28%
1127	31/01/21	15242012	21.76%	0.34%
1128	01/02/21	13804336	22.34%	0.32%
1129	02/02/21	14407497	22.17%	0.30%
1130	03/02/21	15145481	22.87%	0.30%
1131	04/02/21	13982016	24.01%	0.31%
1132	05/02/21	12853585	23.32%	0.33%
1133	06/02/21	14391113	23.96%	0.28%
1134	07/02/21	17268131	19.94%	2.04%
1135	08/02/21	13808653	19.89%	1.78%
1136	09/02/21	13793209	20.29%	1.61%
1137	10/02/21	13664385	20.90%	1.42%
1138	11/02/21	13015284	24.89%	1.40%
1139	12/02/21	12388070	22.52%	1.52%
1140	13/02/21	13269121	20.75%	1.63%
1141	14/02/21	15712429	18.97%	2.02%
1142	15/02/21	12520494	18.66%	0.35%
1143	16/02/21	13274322	19.85%	0.33%
1144	17/02/21	14559787	19.75%	0.31%
1145	18/02/21	13994950	22.40%	0.34%
1146	19/02/21	13025995	19.80%	0.32%
1147	20/02/21	14134654	18.14%	0.28%
1148	21/02/21	17687591	15.08%	0.31%
1149	22/02/21	16297754	13.99%	0.33%
1150	23/02/21	16026842	13.27%	0.31%
1151	24/02/21	16434651	12.78%	0.28%
1152	25/02/21	16085599	14.50%	0.28%
1153	26/02/21	15555301	14.78%	0.29%
1154	27/02/21	15990484	15.11%	0.28%
1155	28/02/21	17683768	13.78%	0.34%
1156	01/03/21	15185644	13.72%	0.31%
1157	02/03/21	15237411	13.82%	0.28%
1158	03/03/21	15983888	13.98%	0.28%
1159	04/03/21	14767093	13.76%	0.27%
1160	05/03/21	13615902	16.06%	0.29%
1161	06/03/21	14226419	15.91%	0.26%
1162	07/03/21	16794996	14.75%	0.33%
1163	08/03/21	13513670	15.46%	0.42%
1164	09/03/21	14005504	16.07%	0.39%
1165	10/03/21	13965188	15.91%	0.34%
1166	11/03/21	13269490	14.66%	0.26%
1167	12/03/21	12200733	14.76%	0.27%
1168	13/03/21	13476128	14.96%	0.24%
1169	14/03/21	16618458	14.05%	0.30%
1170	15/03/21	12999433	13.10%	0.32%
1171	16/03/21	13538674	15.00%	0.30%
1172	17/03/21	13906786	14.58%	0.28%
1173	18/03/21	12842143	14.81%	0.28%
1174	19/03/21	12547255	19.48%	0.29%
1175	20/03/21	13586785	17.53%	0.26%
1176	21/03/21	16545129	15.84%	0.44%
1177	22/03/21	13183427	13.94%	0.38%
1178	23/03/21	14414690	15.35%	0.40%
1179	24/03/21	14899072	14.61%	0.24%
1180	25/03/21	14608608	14.89%	0.23%
1181	26/03/21	13299696	14.90%	0.24%
1182	27/03/21	15082946	14.71%	0.22%
1183	28/03/21	16777260	13.66%	0.21%
1184	29/03/21	15957324	13.18%	0.21%
1185	30/03/21	15554854	11.93%	0.22%
1186	31/03/21	16242740	15.18%	0.28%
1187	01/04/21	14220806	19.09%	0.37%
1188	02/04/21	15530110	17.65%	0.40%
1189	03/04/21	12789743	15.44%	0.34%
1190	04/04/21	12226395	15.73%	0.20%
1191	05/04/21	16381421	14.27%	0.18%
1192	06/04/21	14518249	13.92%	0.22%
1193	07/04/21	15975044	18.37%	0.25%
1194	08/04/21	15058768	16.96%	0.24%
1195	09/04/21	13275294	16.93%	0.22%
1196	10/04/21	13717291	18.04%	0.21%
1197	11/04/21	22157252	18.19%	0.87%
1198	12/04/21	16331144	17.17%	0.65%
1199	13/04/21	16042036	16.93%	0.65%
1200	14/04/21	16886451	19.41%	0.37%
1201	15/04/21	15625440	18.50%	0.32%
1202	16/04/21	15560745	19.87%	0.35%
1203	17/04/21	15161391	19.47%	0.21%
1204	18/04/21	19710129	19.26%	0.24%
1205	19/04/21	16230334	17.42%	0.51%
1206	20/04/21	15883190	17.74%	0.24%
1207	21/04/21	17316499	18.47%	0.32%
1208	22/04/21	17026256	19.38%	0.30%
1209	23/04/21	14737764	20.07%	0.29%
1210	24/04/21	15222805	20.60%	0.28%
1211	25/04/21	23266256	20.11%	2.86%
1212	26/04/21	19721520	18.79%	2.67%
1213	27/04/21	21094618	19.03%	2.70%
1214	28/04/21	16215628	15.89%	0.29%
1215	29/04/21	16899753	16.99%	0.26%
1216	30/04/21	14566775	16.06%	0.32%
1217	01/05/21	16617741	16.15%	0.27%
1218	02/05/21	21098892	14.60%	0.30%
1219	03/05/21	16069671	13.22%	0.22%
1220	04/05/21	17330040	13.81%	0.22%
1221	05/05/21	18284072	15.31%	0.93%
1222	06/05/21	19035423	14.26%	2.58%
1223	07/05/21	15236158	14.52%	0.75%
1224	08/05/21	14333892	14.18%	0.69%
1225	09/05/21	17797115	12.96%	0.80%
1226	10/05/21	17151841	12.24%	0.39%
1227	11/05/21	17697059	14.49%	0.38%
1228	12/05/21	15395812	17.21%	0.51%
1229	13/05/21	18802323	17.43%	0.54%
1230	14/05/21	16285205	22.51%	0.46%
1231	15/05/21	15574729	17.42%	0.31%
1232	16/05/21	19632701	16.03%	0.26%
1233	17/05/21	16128451	14.19%	0.24%
1234	18/05/21	16076904	14.48%	0.23%
1235	19/05/21	17174600	16.00%	0.29%
1236	20/05/21	14603298	14.32%	0.28%
1237	21/05/21	13532293	15.92%	0.26%
1238	22/05/21	13912174	16.46%	0.23%
1239	23/05/21	14403054	15.93%	0.21%
1240	24/05/21	18568259	14.97%	1.30%
1241	25/05/21	15891811	13.98%	1.01%
1242	26/05/21	16597500	14.53%	1.10%
1243	27/05/21	15578236	15.13%	0.28%
1244	28/05/21	14133127	15.37%	0.30%
1245	29/05/21	13682253	15.39%	0.28%
1246	30/05/21	19561093	17.82%	0.40%
1247	31/05/21	18289842	15.72%	0.28%
1248	01/06/21	17960067	15.91%	0.25%
1249	02/06/21	16948379	16.01%	0.28%
1250	03/06/21	18183456	16.83%	0.26%
1251	04/06/21	15887848	15.76%	0.29%
1252	05/06/21	16044748	16.10%	0.26%
1253	06/06/21	24336696	20.65%	1.08%
1254	07/06/21	18885233	18.75%	0.89%
1255	08/06/21	18459576	19.34%	0.89%
1256	09/06/21	18783259	19.79%	0.31%
1257	10/06/21	16951334	19.24%	0.28%
1258	11/06/21	15681703	20.75%	0.40%
1259	12/06/21	15113700	19.86%	0.36%
1260	13/06/21	24116734	23.98%	2.05%
1261	14/06/21	21349775	21.86%	1.59%
1262	15/06/21	19945255	21.59%	1.54%
1263	16/06/21	19079910	21.14%	0.42%
1264	17/06/21	17842345	21.13%	0.32%
1265	18/06/21	15415997	21.54%	0.27%
1266	19/06/21	15544971	23.56%	0.68%
1267	20/06/21	18968315	22.71%	0.58%
1268	21/06/21	17033063	23.59%	0.54%
1269	22/06/21	15909768	22.74%	0.43%
1270	23/06/21	16497922	24.10%	0.76%
1271	24/06/21	15177485	26.38%	0.55%
1272	25/06/21	13897868	25.70%	0.49%
1273	26/06/21	13782991	25.62%	0.46%
1274	27/06/21	19628272	27.69%	1.47%
1275	28/06/21	16940163	26.45%	1.30%
1276	29/06/21	16811586	27.11%	1.76%
1277	30/06/21	16262199	27.65%	0.32%
1278	01/07/21	15101173	26.68%	0.26%
1279	02/07/21	12704389	27.82%	0.34%
1280	03/07/21	12296083	25.28%	0.22%
1281	04/07/21	16920904	25.85%	0.23%
1282	05/07/21	14970228	24.52%	0.23%
1283	06/07/21	15057959	25.51%	0.22%
1284	07/07/21	14316790	25.57%	0.27%
1285	08/07/21	13975819	27.95%	0.36%
1286	09/07/21	11846889	28.00%	0.35%
1287	10/07/21	11124963	27.53%	0.31%
1288	11/07/21	18782983	29.20%	3.29%
1289	12/07/21	14890345	26.64%	2.91%
1290	13/07/21	17429443	27.52%	3.15%
1291	14/07/21	11826544	19.07%	0.30%
1292	15/07/21	10919192	20.15%	0.36%
1293	16/07/21	9551739	19.39%	0.42%
1294	17/07/21	9910554	21.37%	0.41%
1295	18/07/21	11654567	17.41%	0.35%
1296	19/07/21	10903070	15.86%	0.24%
1297	20/07/21	10503162	15.18%	0.24%
1298	21/07/21	10680366	16.57%	0.27%
1299	22/07/21	9572224	17.23%	0.26%
1300	23/07/21	8781396	17.92%	0.33%
1301	24/07/21	10269412	19.44%	3.23%
1302	25/07/21	12432444	19.02%	2.80%
1303	26/07/21	12193999	17.72%	2.74%
1304	27/07/21	11148473	17.64%	0.53%
1305	28/07/21	11824954	20.24%	0.68%
1306	29/07/21	10894805	21.13%	0.77%
1307	30/07/21	10041365	18.51%	2.67%
1308	31/07/21	9963274	19.69%	2.60%
1309	01/08/21	14321653	16.04%	3.75%
1310	02/08/21	11335007	17.84%	0.38%
1311	03/08/21	11419816	17.48%	0.33%
1312	04/08/21	12163637	18.99%	0.44%
1313	05/08/21	11201396	19.66%	0.32%
1314	06/08/21	10095138	19.84%	0.31%
1315	07/08/21	9774136	18.92%	0.27%
1316	08/08/21	12765777	17.70%	1.60%
1317	09/08/21	11998164	16.34%	1.59%
1318	10/08/21	11607931	15.74%	1.68%
1319	11/08/21	11168192	18.07%	0.37%
1320	12/08/21	10891379	19.62%	0.34%
1321	13/08/21	9131299	20.59%	0.30%
1322	14/08/21	8354505	19.95%	0.28%
1323	15/08/21	10545497	18.43%	0.27%
1324	16/08/21	12004613	18.35%	0.27%
1325	17/08/21	12585639	18.80%	0.47%
1326	18/08/21	12455658	18.36%	0.65%
1327	19/08/21	11585026	20.23%	0.75%
1328	20/08/21	10102721	20.53%	0.72%
1329	21/08/21	8978421	19.19%	0.64%
1330	22/08/21	13443803	16.77%	0.35%
1331	23/08/21	12848980	18.24%	0.29%
1332	24/08/21	13702394	25.23%	0.34%
1333	25/08/21	13745003	20.48%	0.52%
1334	26/08/21	13219034	19.73%	0.77%
1335	27/08/21	12676165	18.62%	0.60%
1336	28/08/21	13020071	16.98%	0.46%
1337	29/08/21	17568983	14.31%	0.58%
1338	30/08/21	15153615	12.91%	0.44%
1339	31/08/21	15188754	18.48%	0.60%
1340	01/09/21	14550783	19.02%	0.48%
1341	02/09/21	12190058	14.70%	0.38%
1342	03/09/21	10229087	15.15%	0.33%
1343	04/09/21	10170703	15.56%	0.31%
1344	05/09/21	12759802	14.48%	0.30%
1345	06/09/21	13284253	14.70%	0.30%
1346	07/09/21	13431312	14.84%	0.31%
1347	08/09/21	12866402	15.27%	0.40%
1348	09/09/21	11251820	13.97%	0.39%
1349	10/09/21	10369677	16.53%	0.36%
1350	11/09/21	11042778	14.95%	0.32%
1351	12/09/21	15092288	15.85%	0.29%
1352	13/09/21	13439817	15.65%	0.29%
1353	14/09/21	13557881	15.12%	0.27%
1354	15/09/21	14023332	14.24%	0.35%
1355	16/09/21	13438674	15.43%	0.29%
1356	17/09/21	11341324	14.04%	0.29%
1357	18/09/21	11194654	14.09%	0.26%
1358	19/09/21	19644099	14.18%	3.11%
1359	20/09/21	16970518	13.53%	2.61%
1360	21/09/21	17434647	12.67%	2.96%
1361	22/09/21	14689533	13.48%	0.40%
1362	23/09/21	13678774	14.00%	0.37%
1363	24/09/21	11844097	15.62%	0.40%
1364	25/09/21	11446958	15.95%	0.27%
1365	26/09/21	14618100	14.44%	0.27%
1366	27/09/21	14222337	14.96%	0.29%
1367	28/09/21	21454256	15.74%	7.73%
1368	29/09/21	18381311	15.19%	4.43%
1369	30/09/21	15692942	15.74%	1.23%
1370	01/10/21	13178425	16.61%	0.26%
1371	02/10/21	13252288	15.68%	0.22%
1372	03/10/21	18361302	15.41%	0.22%
1373	04/10/21	16259770	14.84%	0.22%
1374	05/10/21	16713073	15.42%	0.23%
1375	06/10/21	17223952	16.15%	0.27%
1376	07/10/21	16125123	16.86%	0.30%
1377	08/10/21	13887452	17.36%	0.27%
1378	09/10/21	14366299	18.51%	0.24%
1379	10/10/21	21537716	19.71%	0.94%
1380	11/10/21	19138467	18.19%	0.84%
1381	12/10/21	19528792	19.17%	0.91%
1382	13/10/21	18630581	19.50%	0.30%
1383	14/10/21	20080499	17.78%	2.93%
1384	15/10/21	14503162	19.71%	0.30%
1385	16/10/21	14212249	18.88%	0.32%
1386	17/10/21	18481867	19.44%	0.32%
1387	18/10/21	17396398	19.00%	1.01%
1388	19/10/21	18376634	19.49%	1.10%
1389	20/10/21	16180406	18.55%	0.28%
1390	21/10/21	16552511	19.91%	0.25%
1391	22/10/21	14637424	19.51%	0.34%
1392	23/10/21	15160629	19.37%	0.33%
1393	24/10/21	18197606	19.48%	0.23%
1394	25/10/21	21820436	20.29%	3.28%
1395	26/10/21	22878721	21.45%	3.82%
1396	27/10/21	16343699	19.41%	0.59%
1397	28/10/21	13910502	18.10%	0.54%
1398	29/10/21	13775894	19.13%	1.80%
1399	30/10/21	14051319	19.33%	1.75%
1400	31/10/21	15733237	20.80%	2.00%
1401	01/11/21	16313007	16.66%	0.27%
1402	02/11/21	15274383	14.94%	0.23%
1403	03/11/21	17045999	15.02%	0.24%
1404	04/11/21	16324398	14.42%	0.33%
1405	05/11/21	14198343	16.90%	0.33%
1406	06/11/21	14549863	16.25%	0.34%
1407	07/11/21	18899577	15.89%	0.33%
1408	08/11/21	16081456	15.07%	0.33%
1409	09/11/21	16279094	13.67%	0.30%
1410	10/11/21	16689815	15.24%	0.32%
1411	11/11/21	29361190	20.27%	11.25%
1412	12/11/21	12116114	15.28%	0.52%
1413	13/11/21	13219019	16.78%	0.32%
1414	14/11/21	17206640	15.71%	0.31%
1415	15/11/21	14982346	14.10%	0.30%
1416	16/11/21	14522708	14.23%	0.29%
1417	17/11/21	15957805	17.24%	0.29%
1418	18/11/21	26363634	28.39%	1.22%
1419	19/11/21	22607379	26.02%	0.96%
1420	20/11/21	21102777	25.48%	0.91%
1421	21/11/21	28009675	26.50%	0.95%
1422	22/11/21	22946012	24.19%	0.79%
1423	23/11/21	24337794	25.11%	0.84%
1424	24/11/21	24515988	26.90%	0.84%
1425	25/11/21	41818355	32.62%	1.40%
1426	26/11/21	77562782	32.02%	1.26%
1427	27/11/21	19650764	24.12%	1.16%
1428	28/11/21	23268957	22.29%	1.12%
1429	29/11/21	33193145	24.46%	10.32%
1430	30/11/21	14021744	13.78%	0.51%
1431	01/12/21	13526425	16.12%	0.36%
1432	02/12/21	16592762	16.25%	0.38%
1433	03/12/21	14928804	16.36%	0.33%
1434	04/12/21	15696804	14.93%	0.40%
1435	05/12/21	18117228	14.41%	0.31%
1436	06/12/21	17057420	14.82%	0.81%
1437	07/12/21	17619287	14.13%	0.83%
1438	08/12/21	19361601	15.31%	0.84%
1439	09/12/21	18009127	15.24%	0.29%
1440	10/12/21	16035146	15.47%	0.32%
1441	11/12/21	17072638	17.73%	0.35%
1442	12/12/21	20582370	17.65%	0.33%
1443	13/12/21	20324253	16.85%	1.89%
1444	14/12/21	20768618	16.37%	3.00%
1445	15/12/21	20729205	17.05%	3.13%
1446	16/12/21	19692512	19.87%	3.01%
1447	17/12/21	17026548	18.97%	2.77%
1448	18/12/21	16959098	19.49%	2.93%
1449	19/12/21	18769590	19.90%	3.01%
1450	20/12/21	14877454	17.99%	0.32%
1451	21/12/21	12286404	17.73%	0.32%
1452	22/12/21	10720180	19.14%	0.36%
1453	23/12/21	8415628	20.86%	0.45%
1454	24/12/21	7180298	21.48%	0.45%
1455	25/12/21	9906509	22.13%	0.42%
1456	26/12/21	15626924	24.69%	2.55%
1457	27/12/21	16550509	23.92%	2.34%
1458	28/12/21	17378266	24.08%	2.40%
1459	29/12/21	15457846	23.85%	0.43%
1460	30/12/21	12926063	23.19%	0.49%
1461	31/12/21	7973697	24.53%	0.83%
1462	01/01/22	9206392	23.79%	0.26%
1463	02/01/22	13863833	24.17%	0.23%
1464	03/01/22	13712053	23.24%	0.26%
1465	04/01/22	14407945	22.63%	0.25%
1466	05/01/22	14064111	22.12%	0.26%
1467	06/01/22	13438413	22.96%	0.26%
1468	07/01/22	12416864	22.97%	0.26%
1469	08/01/22	12173075	22.57%	0.22%
1470	09/01/22	16066737	26.83%	1.03%
1471	10/01/22	14493474	28.11%	0.95%
1472	11/01/22	14705238	26.95%	1.00%
1473	12/01/22	14846481	27.31%	0.28%
1474	13/01/22	13578784	27.89%	0.28%
1475	14/01/22	14241544	31.08%	1.40%
1476	15/01/22	13892738	30.06%	1.29%
1477	16/01/22	16460531	27.85%	1.23%
1478	17/01/22	13491627	27.96%	0.27%
1479	18/01/22	13602350	27.97%	0.25%
1480	19/01/22	14393397	28.84%	0.28%
1481	20/01/22	13395215	28.47%	0.27%
1482	21/01/22	12243616	28.95%	0.28%
1483	22/01/22	12702616	27.95%	0.26%
1484	23/01/22	21292779	31.60%	7.16%
1485	24/01/22	17227782	30.52%	6.50%
1486	25/01/22	19917328	30.99%	7.01%
1487	26/01/22	12053865	22.36%	0.49%
1488	27/01/22	11822190	21.75%	0.40%
1489	28/01/22	10613054	22.21%	0.74%
1490	29/01/22	11787297	22.67%	0.77%
1491	30/01/22	13510553	20.37%	0.68%
1492	31/01/22	12199624	20.69%	0.78%
1493	01/02/22	12894741	20.66%	0.38%
1494	02/02/22	13534368	21.41%	0.47%
1495	03/02/22	12120638	21.96%	0.66%
1496	04/02/22	11098486	20.65%	0.55%
1497	05/02/22	11004250	19.07%	0.52%
1498	06/02/22	16242532	17.94%	3.54%
1499	07/02/22	13433325	18.77%	2.92%
1500	08/02/22	13707685	20.61%	2.89%
1501	09/02/22	14238227	22.64%	2.90%
1502	10/02/22	13625786	24.02%	3.12%
1503	11/02/22	12213573	21.86%	3.13%
1504	12/02/22	12287373	21.79%	3.04%
1505	13/02/22	15007198	19.41%	3.11%
1506	14/02/22	13904430	19.16%	3.41%
1507	15/02/22	12283631	18.98%	0.46%
1508	16/02/22	13168169	19.37%	0.48%
1509	17/02/22	11971682	18.25%	0.44%
1510	18/02/22	10919671	20.61%	0.49%
1511	19/02/22	11401168	21.57%	0.47%
1512	20/02/22	14571356	18.13%	0.42%
1513	21/02/22	12341156	17.56%	0.43%
1514	22/02/22	12399390	17.36%	0.45%
1515	23/02/22	12478465	17.44%	0.63%
1516	24/02/22	11328220	20.33%	0.62%
1517	25/02/22	10627292	20.17%	0.57%
1518	26/02/22	11360464	21.04%	0.56%
1519	27/02/22	13849813	20.33%	0.54%
1520	28/02/22	12908923	18.58%	0.55%
1521	01/03/22	13102444	18.00%	0.39%
1522	02/03/22	13406080	17.49%	0.50%
1523	03/03/22	12097756	17.07%	0.52%
1524	04/03/22	11352471	18.89%	0.49%
1525	05/03/22	12323540	18.93%	0.49%
1526	06/03/22	15613501	17.54%	0.42%
1527	07/03/22	13066728	16.98%	0.41%
1528	08/03/22	13353141	17.23%	0.41%
1529	09/03/22	14104735	17.98%	0.46%
1530	10/03/22	12779979	16.72%	0.48%
1531	11/03/22	12913002	18.31%	2.25%
1532	12/03/22	13250605	16.00%	2.36%
1533	13/03/22	16880906	15.31%	2.47%
1534	14/03/22	13780047	14.33%	0.43%
1535	15/03/22	14297381	14.38%	0.38%
1536	16/03/22	14761059	13.96%	0.46%
1537	17/03/22	13286058	15.42%	0.50%
1538	18/03/22	11949802	15.96%	0.51%
1539	19/03/22	12699178	17.22%	0.38%
1540	20/03/22	16247878	15.40%	0.42%
1541	21/03/22	14387977	13.57%	0.34%
1542	22/03/22	14627795	13.49%	0.35%
1543	23/03/22	15627714	14.61%	0.35%
1544	24/03/22	14250228	14.35%	0.37%
1545	25/03/22	13164379	15.53%	0.39%
1546	26/03/22	13939059	16.86%	0.47%
1547	27/03/22	16686392	14.59%	0.39%
1548	28/03/22	15978387	14.38%	0.36%
1549	29/03/22	17048908	13.99%	2.19%
1550	30/03/22	17085043	15.07%	1.85%
1551	31/03/22	15989442	15.56%	1.98%
1552	01/04/22	12865273	15.32%	0.28%
1553	02/04/22	13497786	13.99%	0.24%
1554	03/04/22	20683164	17.80%	0.26%
1555	04/04/22	15950121	17.06%	0.26%
1556	05/04/22	15612444	17.33%	0.26%
1557	06/04/22	16131484	18.41%	0.25%
1558	07/04/22	17295585	18.39%	1.76%
1559	08/04/22	14447362	20.79%	0.28%
1560	09/04/22	14906468	19.27%	0.21%
1561	10/04/22	19808004	18.48%	1.64%
1562	11/04/22	16221609	17.54%	1.35%
1563	12/04/22	15949671	18.71%	1.48%
1564	13/04/22	14165513	18.35%	0.38%
1565	14/04/22	12246270	18.65%	0.42%
1566	15/04/22	13115150	20.18%	0.63%
1567	16/04/22	10638887	17.38%	0.42%
1568	17/04/22	11408554	18.62%	0.61%
1569	18/04/22	14545881	15.56%	0.35%
1570	19/04/22	14731588	14.72%	0.19%
1571	20/04/22	16448979	16.77%	0.22%
1572	21/04/22	16043189	16.77%	0.21%
1573	22/04/22	14389765	18.38%	0.21%
1574	23/04/22	14302842	17.03%	0.18%
1575	24/04/22	23465583	19.97%	3.40%
1576	25/04/22	20535615	19.08%	4.10%
1577	26/04/22	20034243	20.09%	3.84%
1578	27/04/22	19275894	20.72%	1.91%
1579	28/04/22	16896830	20.74%	0.26%
1580	29/04/22	15655805	24.10%	0.26%
1581	30/04/22	16189388	22.68%	0.24%
1582	01/05/22	21181306	22.72%	0.83%
1583	02/05/22	18633035	21.21%	0.66%
1584	03/05/22	18796151	22.50%	0.84%
1585	04/05/22	18511958	23.15%	0.50%
1586	05/05/22	17137804	23.19%	0.43%
1587	06/05/22	17327205	23.80%	2.61%
1588	07/05/22	17598754	22.11%	2.89%
1589	08/05/22	23394245	20.14%	3.16%
1590	09/05/22	15947019	13.40%	0.26%
1591	10/05/22	17263844	13.77%	0.22%
1592	11/05/22	18208413	15.10%	0.24%
1593	12/05/22	16720032	15.07%	0.24%
1594	13/05/22	14248894	15.23%	0.26%
1595	14/05/22	13844362	13.99%	0.22%
1596	15/05/22	19236215	12.13%	0.34%
1597	16/05/22	17926799	11.69%	0.33%
1598	17/05/22	18196142	11.61%	0.34%
1599	18/05/22	18464268	11.81%	0.31%
1600	19/05/22	17340884	13.54%	0.32%
1601	20/05/22	14385685	12.60%	0.32%
1602	21/05/22	14084261	14.79%	0.33%
1603	22/05/22	17741170	14.41%	0.30%
1604	23/05/22	15595323	13.12%	0.31%
1605	24/05/22	14952136	13.67%	0.29%
1606	25/05/22	12236679	13.32%	0.46%
1607	26/05/22	14185829	15.36%	0.50%
1608	27/05/22	12653888	14.50%	0.44%
1609	28/05/22	13108129	15.61%	0.41%
1610	29/05/22	16980437	15.00%	0.42%
1611	30/05/22	15853309	14.22%	0.92%
1612	31/05/22	15967073	15.80%	0.93%
1613	01/06/22	15546180	16.57%	0.84%
1614	02/06/22	13748587	16.08%	0.85%
1615	03/06/22	13249347	19.96%	0.79%
1616	04/06/22	12486813	19.61%	0.80%
1617	05/06/22	15200445	20.47%	0.98%
1618	06/06/22	21604064	20.59%	2.75%
1619	07/06/22	17378115	18.84%	2.59%
1620	08/06/22	19830435	22.49%	3.05%
1621	09/06/22	15820756	21.07%	0.37%
1622	10/06/22	13754899	22.53%	0.34%
1623	11/06/22	13395188	21.78%	0.31%
1624	12/06/22	19290854	22.54%	2.54%
1625	13/06/22	17885739	21.25%	2.39%
1626	14/06/22	17867691	21.43%	2.54%
1627	15/06/22	15010454	21.15%	0.29%
1628	16/06/22	15164295	20.89%	0.24%
1629	17/06/22	13563100	21.83%	0.24%
1630	18/06/22	13091591	21.86%	0.20%
1631	19/06/22	17942857	22.03%	0.21%
1632	20/06/22	16627517	20.43%	0.22%
1633	21/06/22	17467706	23.58%	0.25%
1634	22/06/22	16793704	24.02%	0.25%
1635	23/06/22	15269669	22.54%	0.25%
1636	24/06/22	13916991	26.02%	0.26%
1637	25/06/22	12774609	24.65%	0.24%
1638	26/06/22	20777464	26.28%	4.69%
1639	27/06/22	19080886	25.30%	4.22%
1640	28/06/22	20719214	27.20%	4.74%
1641	29/06/22	16077173	24.31%	0.32%
1642	30/06/22	15194619	24.11%	0.25%
1643	01/07/22	13572362	25.01%	0.22%
1644	02/07/22	13045357	25.55%	0.21%
1645	03/07/22	16746626	25.84%	0.21%
1646	04/07/22	16046621	25.25%	0.24%
1647	05/07/22	15860367	25.77%	0.24%
1648	06/07/22	14846031	25.55%	0.27%
1649	07/07/22	13982136	26.27%	0.24%
1650	08/07/22	11985192	25.29%	0.24%
1651	09/07/22	11733004	25.35%	0.21%
1652	10/07/22	14779861	24.03%	0.18%
1653	11/07/22	14396304	25.62%	0.23%
1654	12/07/22	14735538	26.61%	0.22%
1655	13/07/22	13900507	25.72%	0.23%
1656	14/07/22	13304393	26.50%	0.23%
1657	15/07/22	11569717	26.56%	0.24%
1658	16/07/22	10867619	25.82%	0.22%
1659	17/07/22	15527587	27.10%	2.13%
1660	18/07/22	15124646	25.45%	2.06%
1661	19/07/22	15714366	26.16%	2.22%
1662	20/07/22	11373951	19.90%	0.26%
1663	21/07/22	10857709	22.37%	0.31%
1664	22/07/22	9907609	22.62%	0.39%
1665	23/07/22	9670962	21.75%	0.34%
1666	24/07/22	11688610	20.14%	0.33%
1667	25/07/22	11902649	19.97%	0.24%
1668	26/07/22	11966891	20.26%	0.23%
1669	27/07/22	11190488	20.32%	0.25%
1670	28/07/22	10194157	20.58%	0.34%
1671	29/07/22	9754881	20.71%	0.60%
1672	30/07/22	9349328	21.66%	0.42%
1673	31/07/22	11445798	21.90%	0.70%
1674	01/08/22	12135396	19.63%	0.66%
1675	02/08/22	11437832	19.21%	0.24%
1676	03/08/22	11357000	19.97%	0.32%
1677	04/08/22	11052513	21.14%	0.37%
1678	05/08/22	9922148	21.05%	0.37%
1679	06/08/22	9717397	21.54%	0.40%
1680	07/08/22	12244325	21.12%	0.39%
1681	08/08/22	11701240	18.94%	0.23%
1682	09/08/22	11581245	19.23%	0.29%
1683	10/08/22	12267943	24.38%	0.36%
1684	11/08/22	11356899	23.99%	0.41%
1685	12/08/22	9720208	22.13%	0.27%
1686	13/08/22	9019361	21.31%	0.23%
1687	14/08/22	11068613	21.57%	0.21%
1688	15/08/22	12501324	20.72%	2.41%
1689	16/08/22	12451141	21.41%	1.12%
1690	17/08/22	11916190	21.94%	0.41%
1691	18/08/22	11864581	22.63%	0.34%
1692	19/08/22	11206050	23.46%	0.23%
1693	20/08/22	10818485	21.74%	0.24%
1694	21/08/22	12409949	20.77%	0.24%
1695	22/08/22	13839127	20.55%	3.19%
1696	23/08/22	12184999	21.72%	1.16%
1697	24/08/22	12020326	21.41%	0.33%
1698	25/08/22	10826747	21.73%	0.34%
1699	26/08/22	10182135	20.99%	0.38%
1700	27/08/22	11075281	22.34%	0.57%
1701	28/08/22	13947566	20.07%	0.51%
1702	29/08/22	15554223	20.87%	3.34%
1703	30/08/22	13750228	20.47%	1.21%
1704	31/08/22	13722960	18.17%	0.29%
1705	01/09/22	12850731	19.40%	0.27%
1706	02/09/22	11193989	19.37%	0.27%
1707	03/09/22	12148161	20.04%	0.34%
1708	04/09/22	14469151	19.38%	0.37%
1709	05/09/22	13637744	17.27%	0.31%
1710	06/09/22	14277776	18.38%	0.34%
1711	07/09/22	14697261	20.75%	0.33%
1712	08/09/22	14757350	19.95%	0.26%
1713	09/09/22	12965932	19.19%	0.25%
1714	10/09/22	13861262	18.88%	0.23%
1715	11/09/22	17306667	19.47%	0.23%
1716	12/09/22	14727984	16.53%	0.24%
1717	13/09/22	17276705	17.64%	3.53%
1718	14/09/22	19465156	20.85%	4.02%
1719	15/09/22	18020524	19.25%	3.86%
1720	16/09/22	16436124	19.58%	3.69%
1721	17/09/22	18564432	18.75%	3.69%
1722	18/09/22	26112344	17.60%	4.08%
1723	19/09/22	17870410	15.11%	0.53%
1724	20/09/22	17970435	16.29%	0.61%
1725	21/09/22	17331234	16.59%	0.64%
1726	22/09/22	15277821	16.06%	0.38%
1727	23/09/22	14292837	18.24%	0.35%
1728	24/09/22	15571826	17.55%	0.30%
1729	25/09/22	21687542	17.97%	1.66%
1730	26/09/22	19508890	16.96%	1.97%
1731	27/09/22	19810354	17.21%	2.09%
1732	28/09/22	19384631	17.37%	0.99%
1733	29/09/22	17245577	17.19%	0.40%
1734	30/09/22	14513483	19.29%	0.44%
1735	01/10/22	15814331	17.24%	0.39%
1736	02/10/22	17488142	18.20%	0.36%
1737	03/10/22	16959686	16.82%	0.32%
1738	04/10/22	14265844	15.26%	0.29%
1739	05/10/22	15097686	16.50%	0.56%
1740	06/10/22	14325693	16.64%	0.49%
1741	07/10/22	12952330	18.78%	0.44%
1742	08/10/22	13980401	17.99%	0.43%
1743	09/10/22	21686198	22.12%	0.44%
1744	10/10/22	18200290	21.70%	0.36%
1745	11/10/22	17689356	21.10%	0.32%
1746	12/10/22	18738795	21.00%	1.61%
1747	13/10/22	18952930	22.42%	2.08%
1748	14/10/22	16077762	21.21%	1.58%
1749	15/10/22	15296283	21.84%	0.38%
1750	16/10/22	18951567	22.91%	0.84%
1751	17/10/22	15991740	22.89%	0.37%
1752	18/10/22	16328423	22.22%	0.35%
1753	19/10/22	16931133	22.23%	0.52%
1754	20/10/22	16367353	23.36%	0.49%
1755	21/10/22	14599243	23.17%	0.44%
1756	22/10/22	14628069	23.21%	0.39%
1757	23/10/22	22545811	23.71%	3.13%
1758	24/10/22	20127025	22.77%	3.06%
1759	25/10/22	22381639	23.57%	3.46%
1760	26/10/22	15067029	21.56%	0.66%
1761	27/10/22	13714667	20.81%	0.61%
1762	28/10/22	12100780	21.44%	0.55%
1763	29/10/22	11849363	19.81%	0.36%
1764	30/10/22	14561144	20.41%	0.34%
1765	31/10/22	12689026	19.49%	0.35%
1766	01/11/22	16703680	23.85%	1.50%
1767	02/11/22	15827022	20.76%	0.94%
1768	03/11/22	16154319	21.85%	0.92%
1769	04/11/22	14707212	20.17%	0.88%
1770	05/11/22	14877530	17.85%	0.41%
1771	06/11/22	18835528	16.40%	0.31%
1772	07/11/22	16094516	17.11%	0.30%
1773	08/11/22	15589508	16.64%	0.29%
1774	09/11/22	16608320	18.72%	0.74%
1775	10/11/22	20393266	16.69%	9.15%
1776	11/11/22	23046053	18.83%	9.89%
1777	12/11/22	12381161	19.89%	0.60%
1778	13/11/22	16422782	17.62%	0.27%
1779	14/11/22	14691326	14.98%	0.27%
1780	15/11/22	14671955	15.93%	0.25%
1781	16/11/22	15136541	17.24%	0.42%
1782	17/11/22	20843349	28.38%	0.54%
1783	18/11/22	23903931	28.17%	0.43%
1784	19/11/22	25046318	28.17%	0.39%
1785	20/11/22	32605348	28.60%	0.41%
1786	21/11/22	25330460	27.23%	0.42%
1787	22/11/22	26303687	28.51%	0.41%
1788	23/11/22	26406156	28.69%	0.53%
1789	24/11/22	38219136	33.84%	0.53%
1790	25/11/22	66115724	33.12%	0.44%
1791	26/11/22	26934947	30.41%	0.38%
1792	27/11/22	31890868	29.75%	0.35%
1793	28/11/22	32100918	25.27%	8.93%
1794	29/11/22	14314613	19.54%	0.26%
1795	30/11/22	15026662	17.10%	0.32%
